,Car_Name,Car_details,Endine_disp,Milage_in_km/ltr,Seating_cap,color,Max_power,front_brake_type,rear_brake_type,cargo_volume,height,width,length,Gross_Weight,top_speed,Ownership,Year_of_Manufacture,Steering_Type,Car_price
0,2020 MG Hector Sharp DCT,"12,870 kms • Petrol • Automatic",1451 ,13.96,5,Black,141,Disc,Disc,587,1760,1835,4655,-,-,Second Owner,2020,-,₹ 16.45 Lakh
1,2021 Renault Kiger RXZ,"12,109 kms • Petrol • Manual",999 ,19.17,5,Silver,71.01,Disc,Drum,405,1605,1750,3991,-,-,First Owner,2021,Electric,₹ 8.39 Lakh
2,2013 Maruti Swift VXI,"31,639 kms • Petrol • Manual",1197 ,18.6,5,Grey,85.8,Ventilated Disc,Drum,232-litres,1530,1695,3850,1415,160km/hr,First Owner,2013,Power,₹ 4.97 Lakh
3,2018 Renault Duster 110PS Diesel RxS AMT,"41,320 kms • Diesel • Automatic",1461 ,19.87,5,Grey,108.45,Disc,Drum,475-litres,1695,1822,4315,1777,168 Kmph,First Owner,2018,Power,₹ 9.48 Lakh
4,2017 Hyundai Grand i10 1.2 Kappa Sportz BSIV,"26,240 kms • Petrol • Manual",1197 ,18.9,5,Silver,81.86,Disc,Drum,256,1520,1660,3765,-,165 Kmph,First Owner,2017,Power,₹ 5.35 Lakh
5,2015 Maruti Swift VXI,"39,674 kms • Petrol • Manual",1197 ,21.21,5,Silver,81.80,Disc,Drum,268,1530,1735,3840,1315,-,First Owner,2015,Electric,₹ 5.51 Lakh
6,2014 Toyota Fortuner 4x2 AT,"98,000 kms • Diesel • Automatic",2982 ,12.55,7,White,168.5,Ventilated Disc,Drum,296-litres,1850,1840,4705,2510,176 Kmph,First Owner,2014,Power,₹ 14.50 Lakh
7,2007 Skoda New Laura L and K AT,"83,000 kms • Diesel • Automatic",1896 ,15.6,5,Silver,106,Disc,Disc,560 litres,"1,485 ","1,769 ","4,572 ","2,010 ",189 kmph,First Owner,2007,Power,₹ 3.75 Lakh
8,2021 MG Hector Sharp DCT,"31,200 kms • Petrol • Automatic",1451 ,-,5,Burgundy,141,Disc,Disc,587,1760,1835,4655,-,-,First Owner,2021,Power,₹ 18.75 Lakh
9,2017 Hyundai Grand i10 1.2 Kappa Sportz Option AT,"24,000 kms • Petrol • Automatic",1197 ,18.9,5,Blue,81.86,Disc,Drum,256,1520,1660,3765,-,165 Kmph,Second Owner,2017,Power,₹ 5.95 Lakh
10,2016 Maruti Swift VDI Glory Limited Edition,"71,998 kms • Diesel • Manual",1248 ,25.2,5,White,74,Ventilated Disc,Drum,204-liters,1530,1695,3850,1505,155 Kmph,Second Owner,2016,Power,₹ 6.95 Lakh
11,2009 Hyundai i10 Magna AT,"72,000 kms • Petrol • Automatic",1197 ,19.2,5,Black,80,Ventilated Disc,Drum,-,"1,550 ","1,595 ","3,565 ",-,-,First Owner,2009,Power,₹ 3.20 Lakh
12,2017 Maruti Celerio ZXI AMT BSIV,"28,426 kms • Petrol • Automatic",998 ,23.1,5,Red,67.04,Ventilated Disc,Drum,235-litres,1560,1600,3695,1250,150 Kmph,Second Owner,2017,Power,₹ 4.95 Lakh
13,2017 Honda CR-V 2.0L 2WD AT,"48,016 kms • Petrol • Automatic",1997 ,13.7,5,White,153.86,Disc,Disc,589-litres,1685,1820,4545,-,190 kmph,First Owner,2017,Power,₹ 18.95 Lakh
14,2009 Hyundai i10 Magna 1.2,"64,641 kms • Petrol • Manual",1197 ,20.36,5,Silver,78.9,Ventilated Disc,Drum,-,1550,1595,3585,-,-,First Owner,2009,Power,₹ 3.05 Lakh
15,2019 Kia Seltos GTX Plus DCT,"20,395 kms • Petrol • Automatic",1353 ,16.5,5,Grey,138.08,Disc,Disc,433,1645,1800,4315,-,-,First Owner,2019,Electric,₹ 17.37 Lakh
16,2019 Kia Seltos GTX Plus,"20,823 kms • Petrol • Manual",1353 ,16.5,5,Silver,138.08,Disc,Disc,433,1645,1800,4315,-,-,First Owner,2019,Electric,₹ 16.12 Lakh
17,2019 Hyundai Santro Era,"29,908 kms • Petrol • Manual",1086 ,20.3,5,Grey,68,Disc,Drum,235 litre,1560 ,1645 ,3610 ,-,-,First Owner,2019,Power,₹ 4.42 Lakh
18,2016 Hyundai i20 Magna 1.2,"13,955 kms • Petrol • Manual",1197 ,18.6,5,Red,81.83,Disc,Drum,295-litres,1505,1734,3985,-,170 Kmph,First Owner,2016,Power,₹ 6.01 Lakh
19,2020 Hyundai Grand i10 Nios Asta,"16,099 kms • Petrol • Manual",1197 ,20.7,5,Black,81.86,Disc,Drum,-,1520,1680,3805,-,-,First Owner,2020,Electric,₹ 7.09 Lakh
20,2015 Skoda Rapid 1.5 TDI Ambition,"1,27,376 kms • Diesel • Manual",1498 ,21.14,5,Silver,103.52,Disc,Drum,460-litres,1466,1699,4386,1760,186 Kmph,Second Owner,2015,Power,₹ 5.95 Lakh
21,2013 Hyundai i20 Magna Optional 1.2,"58,087 kms • Petrol • Manual",1197 ,18.5,5,White,82.9,Disc,Drum,-,1505,1710,3995,-,-,First Owner,2013,Power,₹ 4.79 Lakh
22,2018 Hyundai i20 1.4 Sportz,"40,499 kms • Diesel • Manual",1396 ,22.54,5,White,88.73,Disc,Drum,295-litres,1505,1734,3985,-,180 Kmph,First Owner,2018,Power,₹ 7.95 Lakh
23,2018 Hyundai i20 1.2 Asta,"39,731 kms • Petrol • Manual",1197 ,18.6,5,Red,81.83,Disc,Drum,295-litres,1505,1734,3985,-,170 Kmph,First Owner,2018,Power,₹ 7.95 Lakh
24,2019 Tata Harrier XZ,"96,000 kms • Diesel • Manual",1956 ,16.35,5,Grey,167.67,Disc,Drum,425,1706,1894,4598,-,-,First Owner,2019,Power,₹ 16.50 Lakh
25,2019 Hyundai Venue SX Diesel,"52,000 kms • Diesel • Manual",1493 ,23.7,5,White,98.6,Disc,Drum,350,1605 ,1770 ,3995 ,-,-,First Owner,2019,Electric,₹ 10.85 Lakh
26,2016 Mercedes-Benz GLA Class 200 CDI SPORT,"56,000 kms • Diesel • Automatic",2143 ,17.9,5,White,136,Disc,Disc,421-litres,1494,1804,4417,2020,205 Kmph,Second Owner,2016,Power,₹ 21 Lakh
27,2016 BMW X6 xDrive 40d M Sport,"52,000 kms • Diesel • Automatic",2993 ,15.87,5,Red,308.43,Disc,Disc,550-litres,1702,2170,4909,-,240 Kmph,Second Owner,2016,Power,₹ 54 Lakh
28,2014 Maruti Alto K10 VXI,"59,306 kms • Petrol • Manual",998 ,23.95,5,Silver,67.05,Ventilated Disc,Drum,177,1475,1515,3545,1210,145 Kmph,First Owner,2014,Power,₹ 3.46 Lakh
29,2018 Renault KWID 1.0 AMT RXL,"33,129 kms • Petrol • Automatic",999 ,24.04,5,Grey,67,Disc,Drum,300-litres,1478,1579,3679,-,159.4 kmph,Second Owner,2018,Power,₹ 4.22 Lakh
30,2018 Maruti Swift VXI,"48,500 kms • Petrol • Manual",1197 ,21.21,5,Red,81.80,Disc,Drum,268,1530,1735,3840,1315,-,First Owner,2018,Electric,₹ 6.39 Lakh
31,2017 Renault KWID 1.0 AMT RXT,"62,916 kms • Petrol • Automatic",999 ,24.04,5,Black,67,Disc,Drum,300,1478,1579,3679,-,159.4 kmph,First Owner,2017,Power,₹ 3.97 Lakh
32,2019 Honda City i-VTEC CVT ZX,"26,929 kms • Petrol • Automatic",1497 ,18,5,Black,117.6,Ventilated Disc,Drum,510,1495,1695,4440,1482,178.55 kmph,First Owner,2019,Power,₹ 12.10 Lakh
33,2021 Renault Kiger RXZ Turbo DT,"11,285 kms • Petrol • Manual",999 ,20.5,5,Blue,98.63,Disc,Drum,405,1605,1750,3991,-,-,First Owner,2021,Electric,₹ 9.22 Lakh
34,2019 BMW 5 Series 530d M Sport,"31,000 kms • Diesel • Automatic",2993 ,17.42,5,White,261.49,Ventilated Disc,Ventilated Disc,520-litres,1466,2126,4936,-,250kmph,Second Owner,2019,Power,₹ 57.50 Lakh
35,2016 Hyundai EON Magna Plus,"74,054 kms • Petrol • Manual",814 ,21.1,5,Red,55.2,Disc,Drum,215-litres,1500,1550,3495,-,135 Kmph,First Owner,2016,Power,₹ 3.22 Lakh
36,2022 Nissan Magnite Turbo CVT XV,"2,677 kms • Petrol • Automatic",999 ,17.4,5,Red,98.63,Disc,Drum,336,1572,1758,3994,-,-,First Owner,2022,Electronic,₹ 10.90 Lakh
37,2022 Maruti S-Presso VXi Opt AT,"2,785 kms • Petrol • Automatic",998 ,25.3,5,Black,65.71,Ventilated Disc,Drum,-,1567,1520,3565,1170,-,First Owner,2022,Power,₹ 6.07 Lakh
38,2016 Hyundai Creta 1.6 VTVT AT SX Plus,"70,035 kms • Petrol • Automatic",1591 ,13,5,Star Dust,121.3,Disc,Drum,400-litres,1630,1780,4270,-,-,Second Owner,2016,Power,₹ 9.99 Lakh
39,2014 Maruti Swift VVT VXI,"50,711 kms • Petrol • Manual",1197 ,22,5,Blue,81.80,Disc,Drum,-,1530,1735,3840,1315s,-,Second Owner,2014,Power,₹ 5.31 Lakh
40,2020 Kia Seltos GTX,"11,559 kms • Petrol • Manual",1353 ,16.8,5,White,113.43,Disc,Disc,433,1645,1800,4315,-,-,First Owner,2020,Electric,₹ 15.84 Lakh
41,2012 Maruti A-Star AT VXI,"45,848 kms • Petrol • Automatic",998 ,16.98,5,Grey,66.1,Ventilated Disc,Drum,-,1490,1600,3500,1320,-,First Owner,2012,Power,₹ 3.26 Lakh
42,2014 Porsche Cayman S Tiptronic,"17,000 kms • Petrol • Automatic",3436 ,16.12,2,Brown,325,Ventilated Disc,Ventilated Disc,425- litres,1295,1801,4380,1665,281 Kmph,First Owner,2014,Power,₹ 78 Lakh
43,2017 Honda City i VTEC V,"63,623 kms • Petrol • Manual",1497 ,17.8,5,Maroon,117.3,Disc,Drum,510-litres,1495,1695,4440,-,195 Kmph,First Owner,2017,Power,₹ 7.32 Lakh
44,2019 Kia Seltos HTK Plus G,"20,670 kms • Petrol • Manual",1497 ,16.8,5,White,113.43,Disc,Disc,433,1645,1800,4315,-,-,First Owner,2019,Electric,₹ 11.93 Lakh
45,2014 Hyundai Xcent 1.2 Kappa S,"65,846 kms • Petrol • Manual",1197 ,19.1,5,Grey,82,Disc,Drum,407-litres,1520,1660,3995,-,172 Kmph,First Owner,2014,Power,₹ 4.10 Lakh
46,2018 Renault KWID 1.0 RXT Optional AT 2016-2019,"59,545 kms • Petrol • Automatic",999 ,23.01,5,Red,67,Disc,Drum,300,1478,1579,3679,-,155.8 kmph,First Owner,2018,Power,₹ 4.46 Lakh
47,2022 Kia Sonet 1.5 GTX Plus Diesel AT DT,"3,556 kms • Diesel • Automatic",1493 ,-,,Maroon,113.42,Disc,Drum,392,1642,1790,3995,-,-,First Owner,2022,Electric,₹ 15.38 Lakh
48,2010 Hyundai i20 1.2 Asta,"76,022 kms • Petrol • Manual",1197 ,17,5,Grey,80 PS at 5200 rpm,Disk,Drum,-,1505 ,1710 ,3940 ,-,-,Second Owner,2010,Power,₹ 3.60 Lakh
49,2018 Renault Duster Petrol RXS CVT,"26,969 kms • Petrol • Automatic",1498 ,14.99,5,Black,104.5,Disc,Drum,475-litres,1695,1822,4315,1770,160 Kmph,Second Owner,2018,Power,₹ 8.20 Lakh
50,2015 Hyundai EON Magna Plus,"48,075 kms • Petrol • Manual",814 ,21.1,5,Blue,55.2,Disc,Drum,215-litres,1500,1550,3495,-,135 Kmph,First Owner,2015,Power,₹ 3.20 Lakh
51,2012 Maruti Wagon R VXI BS IV,"58,232 kms • Petrol • Manual",998 ,18.9,5,Maroon,67.1,Ventilated Disc,Drum,-,1700,1495,3595,1350,-,First Owner,2012,Power,₹ 3.45 Lakh
52,2022 Kia Seltos GTX Plus DCT,"1,007 kms • Petrol • Automatic",1353 ,16.5,5,Red,138.08,Disc,Disc,433,1645,1800,4315,-,-,Third Owner,2022,Electric,₹ 20.07 Lakh
53,2017 Maruti Celerio VXI AT Optional,"77,071 kms • Petrol • Automatic",998 ,23.1,5,Grey,67.04,Ventilated Disc,Drum,235-litres,1565,1635,3715,1250,150 Kmph,First Owner,2017,Power,₹ 4.94 Lakh
54,2012 Maruti Alto K10 2010-2014 VXI,"61,766 kms • Petrol • Manual",998 ,20.92,5,Maroon,67.1,Ventilated Disc,Drum,-,1460,1475,3620,1185,-,Second Owner,2012,Power,₹ 2.46 Lakh
55,2020 Kia Seltos GTX Plus,"23,936 kms • Petrol • Manual",1353 ,16.5,5,White,138.08,Disc,Disc,433,1645,1800,4315,-,-,First Owner,2020,Electric,₹ 16.52 Lakh
56,2012 Hyundai EON D Lite Plus,"47,732 kms • Petrol • Manual",814 ,21.1,5,White,55.2,Disc,Drum,215-litres,1500,1550,3495,-,135 Kmph,First Owner,2012,Power,₹ 2.36 Lakh
57,2016 Mercedes-Benz GLE 250d,"79,000 kms • Diesel • Automatic",2143 ,17.9,5,Blue,201.15,Ventilated Disc,Ventilated Disc,690-litres,1796,2141,4819,2950,212 Kmph,Second Owner,2016,Power,₹ 36.50 Lakh
58,2021 Hyundai Aura S AMT,"6,947 kms • Petrol • Automatic",1197 ,20.1,5,White,81.86,Disc,Drum,-,1520,1680,3995,-,-,Second Owner,2021,Electric,₹ 8.41 Lakh
59,2018 Hyundai Grand i10 1.2 Kappa Sportz Option AT,"16,550 kms • Petrol • Automatic",1197 ,18.9,5,Grey,81.86,Disc,Drum,256,1520,1660,3765,-,165 Kmph,Second Owner,2018,Power,₹ 6.43 Lakh
60,2021 Maruti Swift VXI,"13,266 kms • Petrol • Manual",1197 ,22.38,5,Grey,88.50,Disc,Drum,268,1530,1735,3845,1335,-,First Owner,2021,Electric,₹ 7.44 Lakh
61,2018 Honda WR-V i-VTEC VX,"23,277 kms • Petrol • Manual",1199 ,17.5,5,Black,88.7,Ventilated Disc,Drum,363 Litres,1601,1734,3999,-,164.26 kmph,First Owner,2018,Electric,₹ 7.53 Lakh
62,2022 Renault KWID Climber 1.0 MT DT,"13,311 kms • Petrol • Manual",999 ,21.74,5,Blue,67,Disc,Drum,279,1490,1579,3731,-,-,First Owner,2022,Electric,₹ 6.05 Lakh
63,2015 Maruti Swift Dzire ZXI,"43,672 kms • Petrol • Manual",1197 ,20.85,5,White,83.14,Ventilated Disc,Drum,320-liters,1555,1695,3995,1415,158 Kmph,First Owner,2015,Power,₹ 6.13 Lakh
64,2014 Mahindra XUV500 W6 2WD,"43,935 kms • Diesel • Manual",2179 ,15.1,7,Black,140,Disc & Caliper Type,Disc & Caliper Type,-,,,,,175 kmph,First Owner,2014,Power,₹ 9.28 Lakh
65,2020 Renault Triber RXZ EASY-R AMT,"20,718 kms • Petrol • Automatic",999 ,18.2,7,Blue,71.01,Disc,Drum,84,1643,1739,3991,-,-,Second Owner,2020,Electric,₹ 7.36 Lakh
66,2014 Hyundai Grand i10 Magna,"54,381 kms • Petrol • Manual",1197 ,18.9,5,Red,82,Disc,Drum,256-liters,1520,1660,3765,-,165 Kmph,First Owner,2014,Power,₹ 4.46 Lakh
67,2016 Honda Jazz 1.2 V i VTEC,"46,539 kms • Petrol • Manual",1199 ,18.7,5,Silver,88.7,Disc,Drum,354-litres,1544,1694,3955,-,172 Kmph,First Owner,2016,Power,₹ 6.16 Lakh
68,2020 Maruti Alto 800 VXI,"40,001 kms • Petrol • Manual",796 ,22.05,5,Blue,47.33,Disc,Drum,-,1475,1515,3445,1185,-,First Owner,2020,-,₹ 3.84 Lakh
69,2013 Maruti Swift Dzire ZXI,"46,530 kms • Petrol • Manual",1197 ,19.1,5,Silver,85.8,Ventilated Disc,Drum,320 liters,1555,1695,3995,1415,169 kmph,First Owner,2013,Power,₹ 5.25 Lakh
70,2014 Hyundai i10 Sportz,"84,938 kms • Petrol • Manual",1197 ,20.36,5,Grey,78.9,Ventilated Disc,Drum,-,1550,1595,3585,-,-,First Owner,2014,Power,₹ 3.64 Lakh
71,2014 Toyota Innova 2.5 VX (Diesel) 7 Seater BS IV,"1,77,000 kms • Diesel • Manual",2494 ,12.99,7,Golden,100.6,Ventilated Disc,Drum,300-litres,1760,1765,4585,2300,155 Kmph,First Owner,2014,Power,₹ 13.50 Lakh
72,2014 Maruti Swift ZXI,"63,888 kms • Petrol • Manual",1197 ,18.6,5,White,85.8,Ventilated Disc,Drum,-,1530,1695,3850,1415,-,Second Owner,2014,Power,₹ 5.25 Lakh
73,2015 Honda City i VTEC VX,"47,102 kms • Petrol • Manual",1497 ,17.4,5,Brown,117.3,Disc,Drum,510-litres,1495,1695,4440,-,195 Kmph,First Owner,2015,Power,₹ 7.86 Lakh
74,2016 Maruti Swift ZXI BSIV,"67,231 kms • Petrol • Manual",1197 ,22,5,,81.80,Disc,Drum,268,1530,1735,3840,1315,-,First Owner,2016,Power,₹ 6.09 Lakh
75,2011 Maruti Wagon R VXI BS IV,"72,850 kms • Petrol • Manual",998 ,18.9,5,Red,67.1,Ventilated Disc,Drum,-,1700,1495,3595,1350,-,First Owner,2011,Power,₹ 2.98 Lakh
76,2018 Hyundai Grand i10 1.2 Kappa Magna BSIV,"61,498 kms • Petrol • Manual",1197 ,18.9,5,Blue,81.86,Disc,Drum,256,1520,1660,3765,-,165 Kmph,Second Owner,2018,Power,₹ 5.17 Lakh
77,2019 Maruti Wagon R ZXI AMT 1.2,"13,224 kms • Petrol • Automatic",1197 ,20.52,5,Grey,81.80,Disc,Drum,341 Litres,1675 ,1620 ,3655 ,1340,-,First Owner,2019,Power,₹ 6.21 Lakh
78,2019 Volkswagen Vento 1.2 TSI Highline Plus AT,"55,289 kms • Petrol • Automatic",1197 ,18.19,5,Carbon steel,103.2,Ventilated Disc,Drum,494,1467,1699,4390,1720,185 Kmph,First Owner,2019,Power,₹ 10.99 Lakh
79,2012 Honda City V MT,"72,137 kms • Petrol • Manual",1497 ,16.8,5,Maroon,116.3,Disc,Drum,506-litres,1485,1695,4440,-,-,First Owner,2012,Power,₹ 5.07 Lakh
80,2019 Honda City V CVT,"43,573 kms • Petrol • Automatic",1497 ,17.4,5,Black,117.6,Ventilated Disc,Drum,510,1495,1695,4440,1455,195 Kmph,First Owner,2019,Power,₹ 9.99 Lakh
81,2019 Ford Ecosport 1.5 Petrol Titanium BSIV,"43,612 kms • Petrol • Manual",1497 ,17,5,White,121.31,Ventilated Disc,Drum,352-litres,1647,1765,3998,1660Kg,-,First Owner,2019,Power,₹ 8.36 Lakh
82,2018 Toyota Yaris G CVT BSIV,"17,079 kms • Petrol • Automatic",1496 ,17.8,5,White,105.5,Disc,Drum,476,1495,1730,4425,1580,-,Second Owner,2018,Power,₹ 8.47 Lakh
83,2018 Maruti Swift AMT ZXI Plus,"26,541 kms • Petrol • Automatic",1197 ,21.21,5,Grey,81.80,Disc,Drum,268,1530,1735,3840,1315,-,First Owner,2018,Electric,₹ 7.64 Lakh
84,2012 Hyundai Santro Xing GL Plus,"63,723 kms • Petrol • Manual",1086 ,17.92,5,Silver,62.1,Ventilated Disc,Drum,-,1590,1525,3565,-,-,First Owner,2012,Power,₹ 2.85 Lakh
85,2019 Hyundai Grand i10 1.2 Kappa Asta,"11,662 kms • Petrol • Manual",1197 ,18.9,5,Red,81.86,Disc,Drum,256,1520,1660,3765,-,165 Kmph,Second Owner,2019,Power,₹ 6.44 Lakh
86,2019 Maruti Baleno 1.2 CVT Delta,"37,238 kms • Petrol • Automatic",1197 ,21.4,5,Grey,83.1,Disc,Drum,339-litres,1510,1745,3995,1360,180 Kmph,Second Owner,2019,Power,₹ 8.22 Lakh
87,2013 Hyundai Verna 1.6 SX CRDi (O),"89,314 kms • Diesel • Manual",1582 ,22.32,5,White,126.32,Disc,Disc,465-litre,1475,1700,4370,-,190km/hr,First Owner,2013,Power,₹ 5.71 Lakh
88,2018 Honda City i-VTEC V,"49,364 kms • Petrol • Manual",1497 ,17.4,5,Grey,117.6,Ventilated Disc,Drum,510,1495,1695,4440,1436,189 kmph,First Owner,2018,Power,₹ 8.96 Lakh
89,2016 Maruti Ciaz ZXi,"27,782 kms • Petrol • Manual",1373 ,20.73,5,Red,91.1,Ventilated Disc,Drum,510-litres,1485,1730,4490,1490,190 kmph,First Owner,2016,Power,₹ 7.90 Lakh
90,2010 Maruti Ritz ZXi,"62,248 kms • Petrol • Manual",1197 ,18.5,5,Grey,85.80,Ventilated Disc,Drum,236-liters,1620,1680,3775,1430,156 Kmph,First Owner,2010,Power,₹ 3.34 Lakh
91,2017 Honda Amaze VX Petrol BSIV,"28,982 kms • Petrol • Manual",1199 ,19.5,5,Maroon,88.76,Disc,Drum,420Liters,1501,1695,3995,-,160 Kmph,Second Owner,2017,Power,₹ 5.57 Lakh
92,2019 MG Hector Super MT BSIV,"31,106 kms • Petrol • Manual",1451 ,14.16,5,Silver,141,Disc,Disc,587,1760,1835,4655,-,-,Second Owner,2019,-,₹ 12.99 Lakh
93,2021 Maruti Ignis Alpha AMT,"11,473 kms • Petrol • Automatic",1197 ,20.89,5,White,81.80,Disc,Drum,260,1595,1690,3700,-,-,First Owner,2021,Electric,₹ 8.18 Lakh
94,2018 Ford Ecosport 1.5 Petrol Titanium BSIV,"50,276 kms • Petrol • Manual",1497 ,17,5,Black,121.31,Ventilated Disc,Drum,352-litres,1647,1765,3998,1660Kg,-,Second Owner,2018,Power,₹ 8.19 Lakh
95,2020 Renault KWID 1.0 RXT AMT Opt,"19,050 kms • Petrol • Automatic",999 ,22,5,Red,67,Disc,Drum,279,1474,1579,3731,-,-,First Owner,2020,Electric,₹ 5.59 Lakh
96,2019 Hyundai Venue SX Plus Turbo DCT BSIV,"43,353 kms • Petrol • Automatic",998 ,18.15,5,Blue,118.35,Disc,Drum,350,1605 ,1770 ,3995 ,-,-,First Owner,2019,Power,₹ 10.21 Lakh
97,2014 Hyundai i20 Magna Optional 1.2,"74,548 kms • Petrol • Manual",1197 ,18.5,5,Silver,82.9,Disc,Drum,-,1505,1710,3995,-,-,Second Owner,2014,Power,₹ 4.25 Lakh
98,2017 Honda Jazz 1.2 V i VTEC,"53,328 kms • Petrol • Manual",1199 ,18.7,5,Brown,88.7,Disc,Drum,354-litres,1544,1694,3955,-,172 Kmph,First Owner,2017,Power,₹ 6.55 Lakh
99,2012 Maruti Swift Dzire VXi,"45,149 kms • Petrol • Manual",1298 ,17.5,5,Grey,85.8,Ventilated Disc,Drum,464 litres,1530,1690,4160,-,-,Second Owner,2012,Power,₹ 4.80 Lakh
100,2014 Toyota Fortuner 4x2 AT,"96,000 kms • Diesel • Automatic",2982 ,12.55,7,White,168.5,Ventilated Disc,Drum,296-litres,1850,1840,4705,2510,176 Kmph,First Owner,2014,Power,₹ 14.25 Lakh
101,2014 Toyota Fortuner 4x2 AT,"96,600 kms • Diesel • Automatic",2982 ,12.55,7,White,168.5,Ventilated Disc,Drum,296-litres,1850,1840,4705,2510,176 Kmph,First Owner,2014,Power,₹ 14.26 Lakh
102,2014 Toyota Fortuner 4x2 AT,"98,000 kms • Diesel • Automatic",2982 ,12.55,7,White,168.5,Ventilated Disc,Drum,296-litres,1850,1840,4705,2510,176 Kmph,First Owner,2014,Power,₹ 14.25 Lakh
103,2019 Hyundai Grand i10 1.2 Kappa Asta,"44,803 kms • Petrol • Manual",1197 ,18.9,5,Maroon,81.86,Disc,Drum,,,,,-,,Second Owner,2019,,₹ 5.98 Lakh
104,2017 Maruti Vitara Brezza LDi,"76,473 kms • Diesel • Manual",1248 ,24.3,5,Orange,88.5,Ventilated Disc,Drum,328-litres,1640,1790,3995,1680,172 kmph,First Owner,2017,Power,₹ 7.78 Lakh
105,2014 Toyota Fortuner 4x2 AT,"95,000 kms • Diesel • Automatic",2982 ,12.55,7,White,168.5,Ventilated Disc,Drum,296-litres,1850,1840,4705,2510,176 Kmph,First Owner,2014,Power,₹ 14.20 Lakh
106,2015 Maruti Ritz VXi,"40,543 kms • Petrol • Manual",1197 ,18.5,5,White,85.80,Ventilated Disc,Drum,236-liters,1620,1680,3775,1430,156 Kmph,First Owner,2015,Power,₹ 4.91 Lakh
107,2014 Maruti Ciaz ZXi,"54,745 kms • Petrol • Manual",1373 ,20.73,5,Silver,91.1,Ventilated Disc,Drum,510-litres,,,,,190 kmph,Second Owner,2014,Power,₹ 6.12 Lakh
108,2016 Maruti Ciaz AT VXi Plus,"63,429 kms • Petrol • Automatic",1373 ,19.12,5,Grey,91.1,Ventilated Disc,Drum,510-litres,1485,1730,4490,1490,190 kmph,Second Owner,2016,Power,₹ 5.75 Lakh
109,2012 Toyota Etios Liva G,"46,249 kms • Petrol • Manual",1197 ,18.3,5,Silver,-,-,-,-,-,-,-,-,-,Second Owner,2012,Power,₹ 4.52 Lakh
110,2017 Maruti Celerio ZXI AT Optional,"55,178 kms • Petrol • Automatic",998 ,23.1,5,Grey,67.04,Ventilated Disc,Drum,235-litres,1565,1635,3715,1250,150 Kmph,First Owner,2017,Power,₹ 5.39 Lakh
111,2016 Renault Duster 110PS Diesel RxZ,"59,775 kms • Diesel • Manual",1461 ,19.6,5,Red,108.45,Disc,Drum,475-litres,1695,1822,4315,1806,168 Kmph,Second Owner,2016,Power,₹ 8.82 Lakh
112,2021 Toyota Glanza V,"38,111 kms • Petrol • Manual",1197 ,21.01,5,White,81.80,Disc,Drum,339,1510,1745,3995,1340,-,First Owner,2021,Electric,₹ 8.63 Lakh
113,2020 Maruti Vitara Brezza VXI,"39,692 kms • Petrol • Manual",1462 ,17.03,5,Silver,103.26,Ventilated Disc,Drum,328,1640,1790,3995,1600,-,Second Owner,2020,Electronic,₹ 9.03 Lakh
114,2018 Maruti Swift ZXI Plus,"38,804 kms • Petrol • Manual",1197 ,21.21,5,Red,81.80,Disc,Drum,268,1530,1735,3840,1315,-,Second Owner,2018,Electric,₹ 6.86 Lakh
115,2021 Maruti XL6 Alpha AT,"18,280 kms • Petrol • Automatic",1462 ,17.99,6,Blue,103.2,Ventilated Disc,Leading & Trailing Drum,209,1700,1775,4445,1740,-,First Owner,2021,Power,₹ 12.88 Lakh
116,2015 Hyundai Grand i10 Sportz,"16,687 kms • Petrol • Manual",1197 ,18.9,5,Blue,82,Disc,Drum,256-liters,1520,1660,3765,-,165 Kmph,First Owner,2015,Power,₹ 5.01 Lakh
117,2017 Honda Jazz 1.2 V i VTEC,"54,761 kms • Petrol • Manual",1199 ,18.7,5,White,88.7,Disc,Drum,354-litres,1544,1694,3955,-,172 Kmph,Second Owner,2017,Power,₹ 6.03 Lakh
118,2016 Volkswagen Ameo 1.2 MPI Highline,"54,732 kms • Petrol • Manual",1198 ,17,5,Silver,73.75,Disc,Drum,330,1483,1682,3995,-,-,First Owner,2016,Power,₹ 5.55 Lakh
119,2020 Renault Duster RXS,"66,366 kms • Petrol • Manual",1498 ,16.42,5,Brown,104.55,Disc,Drum,475,1695,1822,4360,-,-,First Owner,2020,Power,₹ 9.18 Lakh
120,2021 Mahindra XUV300 W8 Option,"7,231 kms • Petrol • Manual",1197 ,16.82,5,Grey,108.62,Disc,Disc,-,1627,1821,3995,-,-,First Owner,2021,Power,₹ 11.69 Lakh
121,2016 Maruti Baleno 1.2 Zeta,"53,080 kms • Petrol • Manual",1197 ,21.4,5,Blue,83.1,Disc,Drum,339-litres,1510,1745,3995,1340,180 Kmph,Second Owner,2016,Power,₹ 6.21 Lakh
122,2012 Maruti Swift VDI,"86,668 kms • Diesel • Manual",1248 ,22.9,5,Blue,74,Ventilated Disc,Drum,232-litres,1530,1695,3850,1505,158km/hr,First Owner,2012,Power,₹ 4.78 Lakh
123,2019 Toyota Yaris J,"39,812 kms • Petrol • Manual",1496 ,17.1,5,Red,105.94,Disc,Drum,476,1495,1730,4425,1580,-,First Owner,2019,Power,₹ 7.95 Lakh
124,2018 Honda Amaze V CVT Petrol BSIV,"16,265 kms • Petrol • Automatic",1199 ,19,5,Red,88.76,Disc,Drum,420,1501,1695,3995,-,140 Kmph,Second Owner,2018,Power,₹ 8.28 Lakh
125,2016 Maruti SX4 S Cross DDiS 200 Zeta,"48,132 kms • Diesel • Manual",1248 ,23.65,5,Blue,88.5,Ventilated Disc,Solid Disc,353-litres,1595,1785,4300,1670,190 Kmph,Second Owner,2016,Power,₹ 7.89 Lakh
126,2015 Maruti Swift Dzire ZXI,"79,075 kms • Petrol • Manual",1197 ,20.85,5,Brown,83.14,Ventilated Disc,Drum,320-liters,1555,1695,3995,1415,158 Kmph,Second Owner,2015,Power,₹ 5.17 Lakh
127,2018 Ford Ecosport 1.5 Diesel Titanium Plus BSIV,"37,352 kms • Diesel • Manual",1498 ,23,5,Brown,98.96,Ventilated Disc,Drum,352-litres,1647,1765,3998,1690Kg,-,Second Owner,2018,Power,₹ 9.84 Lakh
128,2016 Maruti Ciaz ZXi,"63,370 kms • Petrol • Manual",1373 ,20.73,5,Grey,91.1,Ventilated Disc,Drum,510-litres,1485,1730,4490,1490,190 kmph,Second Owner,2016,Power,₹ 7.20 Lakh
129,2014 Renault Duster 85PS Diesel RxL,"67,496 kms • Diesel • Manual",1461 ,20.45,5,White,83.8,Ventilated Disc,Drum,475-litres,1695,1822,4315,1758,-,First Owner,2014,Power,₹ 6.51 Lakh
130,2014 Hyundai Grand i10 Asta,"78,454 kms • Petrol • Manual",1197 ,18.9,5,White,82,Disc,Drum,256-liters,1520,1660,3765,-,165 Kmph,First Owner,2014,Power,₹ 4.26 Lakh
131,2013 Ford Ecosport 1.5 DV5 MT Titanium,"63,211 kms • Diesel • Manual",1498 ,22.7,5,White,89.84,Ventilated Disc,Drum,346-litres,1708,1765,3999,1740,182 Kmph,First Owner,2013,Power,₹ 5.95 Lakh
132,2015 Hyundai Verna 1.6 VTVT S Option,"47,144 kms • Petrol • Manual",1591 ,17.01,5,White,121.4,Disc,Drum,465-litres,1475,1700,4375,-,196 Kmph,First Owner,2015,Power,₹ 6.47 Lakh
133,2015 Honda City i VTEC VX,"60,873 kms • Petrol • Manual",1497 ,17.4,5,Grey,117.3,Disc,Drum,510-litres,1495,1695,4440,-,195 Kmph,First Owner,2015,Power,₹ 8.29 Lakh
134,2017 Tata Tiago 1.2 Revotron XZ,"34,662 kms • Petrol • Manual",1199 ,23.84,5,Brown,84,Disc,Drum,242-litres,1535,1647,3746,-,150 kmph,First Owner,2017,Power,₹ 5.25 Lakh
135,2019 Ford Freestyle Titanium Petrol BSIV,"36,423 kms • Petrol • Manual",1194 ,19,5,Silver,94.68,Ventilated Disc,Drum,257,1570,1737,3954,-,144.93 kmph,First Owner,2019,Power,₹ 6.70 Lakh
136,2021 Renault KWID Climber 1.0 MT Opt,"10,720 kms • Petrol • Manual",999 ,21.74,5,Black,67,Disc,Drum,279,1490,1579,3731,-,-,First Owner,2021,Electric,₹ 5.39 Lakh
137,2016 Honda Jazz 1.2 S i VTEC,"77,913 kms • Petrol • Manual",1199 ,18.7,5,White,88.7,Disc,Drum,354-litres,1544,1694,3955,-,172 Kmph,Second Owner,2016,Power,₹ 5.47 Lakh
138,2014 Hyundai Verna 1.6 SX CRDi (O),"93,787 kms • Diesel • Manual",1582 ,22.32,5,Grey,126.32,Disc,Disc,465-litre,1475,1700,4370,-,190km/hr,First Owner,2014,Power,₹ 6.17 Lakh
139,2017 Ford Ecosport 1.5 TDCi Platinum Edition BSIV,"70,681 kms • Diesel • Manual",1498 ,22.77,5,Silver,98.59,Ventilated Disc,Drum,346-litres,1708,1765,3999,-,182 Kmph,First Owner,2017,Power,₹ 8.86 Lakh
140,2019 Maruti Swift VXI,"15,330 kms • Petrol • Manual",1197 ,21.21,5,Red,81.80,Disc,Drum,268,1530,1735,3840,1315,-,Second Owner,2019,Electric,₹ 6.73 Lakh
141,2013 Toyota Etios Liva G SP,"65,795 kms • Petrol • Manual",1197 ,17.71,5,Red,78.9,Ventilated DIsc,Drum,251-litre,1510,1695,3775,-,-,First Owner,2013,Power,₹ 4.66 Lakh
142,2019 Maruti Swift VXI,"10,862 kms • Petrol • Manual",1197 ,21.21,5,Grey,81.80,Disc,Drum,268,1530,1735,3840,1315,-,Second Owner,2019,Electric,₹ 6.52 Lakh
143,2016 Renault Duster 110PS Diesel RxZ,"73,556 kms • Diesel • Manual",1461 ,19.6,5,Black,108.45,Disc,Drum,475-litres,1695,1822,4315,1806,168 Kmph,First Owner,2016,Power,₹ 8.13 Lakh
144,2021 Hyundai i20 Asta Opt,"18,726 kms • Petrol • Manual",1197 ,21,5,Black,81.80,Disc,Drum,311,1505,1775,3995,-,-,First Owner,2021,Electric,₹ 10.16 Lakh
145,2018 Maruti Ciaz Zeta Automatic BSIV,"84,262 kms • Petrol • Automatic",1462 ,20.28,5,Blue,103.25,Ventilated Disc,Drum,510-litres,1485 ,1730 ,4490 ,1530,-,First Owner,2018,Power,₹ 8.63 Lakh
146,2021 Maruti XL6 Zeta,"56,553 kms • Petrol • Manual",1462 ,19.01,6,Grey,103.2,Ventilated Disc,Leading & Trailing Drum,209,1700,1775,4445,1730,-,First Owner,2021,Power,₹ 10.75 Lakh
147,2014 Maruti Ritz VXi,"57,024 kms • Petrol • Manual",1197 ,18.5,5,Silver,85.80,Ventilated Disc,Drum,236-liters,1620,1680,3775,1430,156 Kmph,First Owner,2014,Power,₹ 4.21 Lakh
148,2016 Mahindra TUV 300 T8,"88,066 kms • Diesel • Manual",1493 ,18.49,7,Silver,100,Disc,Drum,384-litres,1826,1835,3995,2225,156 Kmph,First Owner,2016,Power,₹ 7.74 Lakh
149,2016 Renault Duster 85PS Diesel RxS,"73,372 kms • Diesel • Manual",1461 ,19.87,5,Grey,83.8,Disc,Drum,475-litres,1695,1822,4315,1777,156 Kmph,Second Owner,2016,Power,₹ 9.04 Lakh
150,2011 Maruti Alto K10 2010-2014 VXI,"80,062 kms • Petrol • Manual",998 ,20.92,5,Maroon,67.1,Ventilated Disc,Drum,-,1460,1475,3620,1185,-,Second Owner,2011,Power,₹ 2.46 Lakh
151,2016 Hyundai Grand i10 Sportz,"76,305 kms • Petrol • Manual",1197 ,18.9,5,Grey,82,Disc,Drum,256-liters,1520,1660,3765,-,165 Kmph,First Owner,2016,Power,₹ 4.63 Lakh
152,2019 Renault Triber RXZ BSIV,"77,570 kms • Petrol • Manual",999 ,20,7,Yellow,72,Disc,Drum,84,1643,1739,3990,-,-,First Owner,2019,Power,₹ 6.45 Lakh
153,2012 Maruti Swift VDI,"41,295 kms • Diesel • Manual",1248 ,22.9,5,White,74,Ventilated Disc,Drum,232-litres,1530,1695,3850,1505,158km/hr,First Owner,2012,Power,₹ 4.88 Lakh
154,2019 Kia Seltos GTK,"40,509 kms • Petrol • Manual",1353 ,16.1,5,Red,138,Disc,Drum,433,1645,1800,4315,-,-,First Owner,2019,Power,₹ 12.94 Lakh
155,2021 Renault KWID 1.0 RXT AMT Opt,"15,262 kms • Petrol • Automatic",999 ,22,5,Blue,67,Disc,Drum,279,1474,1579,3731,-,-,First Owner,2021,Electric,₹ 5.74 Lakh
156,2019 Skoda Rapid Monte Carlo 1.6 MPI BSIV,"16,997 kms • Petrol • Manual",1598 ,14.3,5,Red,103.2,Disc,Drum,460,1466,1699,4413,1680Kg,185kmph,First Owner,2019,Power,₹ 11.74 Lakh
157,2015 Hyundai Grand i10 Sportz,"16,819 kms • Petrol • Manual",1197 ,18.9,5,Yellow,82,Disc,Drum,256-liters,1520,1660,3765,-,165 Kmph,First Owner,2015,Power,₹ 5.01 Lakh
158,2015 Mercedes-Benz GLA 45 AMG,"23,000 kms • Petrol • Automatic",1991 ,12.33,5,White,355.4,Ventilated Disc,Ventilated Disc,421-litres,1479,1804,4445,2105,250 Kmph,First Owner,2015,Power,₹ 39 Lakh
159,2017 Maruti Baleno 1.2 CVT Delta,"15,827 kms • Petrol • Automatic",1197 ,21.4,5,Silver,83.1,Disc,Drum,339-litres,1510,1745,3995,1360,180 Kmph,Second Owner,2017,Power,₹ 6.77 Lakh
160,2017 Hyundai Verna VTVT 1.6 AT SX Option,"57,310 kms • Petrol • Automatic",1591 ,17,5,Blue,121.3,Disc,Drum,480,1475,1729,4440,-,158.83 kmph,First Owner,2017,Power,₹ 8.32 Lakh
161,2021 Renault Triber RXZ,"16,112 kms • Petrol • Manual",999 ,20,7,Blue,71.01,Disc,Drum,84,1643,1739,3991,-,-,First Owner,2021,Electric,₹ 9.09 Lakh
162,2016 Hyundai i20 Sportz 1.2,"22,808 kms • Petrol • Manual",1197 ,18.6,5,White,81.83,Disc,Drum,295-litres,1505,1734,3985,-,170 Kmph,First Owner,2016,Power,₹ 6.57 Lakh
163,2019 Tata Nexon 1.5 Revotorq XZ Plus,"67,103 kms • Diesel • Manual",1497 ,21.5,5,Silver,108.5,Disc,Drum,350,1607,1811,3994,-,154.19 kmph,First Owner,2019,Power,₹ 9.52 Lakh
164,2021 Tata Altroz XE,"34,988 kms • Petrol • Manual",1199 ,19.33,5,White,86.83,Disc,Drum,345,1523,1755,3990,-,-,First Owner,2021,Electric,₹ 6.70 Lakh
165,2018 Ford Freestyle Titanium Petrol BSIV,"16,387 kms • Petrol • Manual",1194 ,19,5,Red,94.68,Ventilated Disc,Drum,257,1570,1737,3954,-,144.93 kmph,First Owner,2018,Power,₹ 6.71 Lakh
166,2017 Hyundai Elantra 2.0 SX AT,"36,576 kms • Petrol • Automatic",1999 ,14.62,5,Red,149.92,Disc,Disc,420,1465,1800,4570,-,210 Kmph,Second Owner,2017,Power,₹ 11.71 Lakh
167,2021 Renault KWID Climber 1.0 MT Opt,"11,336 kms • Petrol • Manual",999 ,21.74,5,Blue,67,Disc,Drum,279,1490,1579,3731,-,-,First Owner,2021,Electric,₹ 5.35 Lakh
168,2022 Maruti Ciaz Zeta AT,"1,731 kms • Petrol • Automatic",1462 ,20.04,5,Blue,103.25,Ventilated Disc,Drum,510,1485,1730,4490,,-,First Owner,2022,Power,₹ 12.15 Lakh
169,2018 Tata Tiago 1.2 Revotron XZ,"33,138 kms • Petrol • Manual",1199 ,23.84,5,Red,84,Disc,Drum,242-litres,1535,1647,3746,-,150 kmph,First Owner,2018,Power,₹ 5.27 Lakh
170,2017 Tata Tiago 1.2 Revotron XZ,"10,930 kms • Petrol • Manual",1199 ,23.84,5,Blue,84,Disc,Drum,242-litres,1535,1647,3746,-,150 kmph,First Owner,2017,Power,₹ 5.37 Lakh
171,2014 Volkswagen Polo 1.2 MPI Highline,"85,100 kms • Petrol • Manual",1198 ,16.47,5,Grey,74,Disc,Drum,280-liters,1469,1682,3971,1520,165 kmph,Second Owner,2014,Power,₹ 4.84 Lakh
172,2018 Volkswagen Vento 1.2 TSI Highline Plus AT,"55,788 kms • Petrol • Automatic",1197 ,18.19,5,Grey,103.2,Ventilated Disc,Drum,494,1467,1699,4390,1720,185 Kmph,First Owner,2018,Power,₹ 9.72 Lakh
173,2012 Maruti Swift Dzire ZDi,"63,330 kms • Diesel • Manual",1248 ,19.3,5,White,73.9,Ventilated Disc,Drum,440 litres,1530,1690,4160,-,-,First Owner,2012,Power,₹ 5.67 Lakh
174,2015 Maruti Ertiga VDI,"87,041 kms • Diesel • Manual",1248 ,20.77,7,Grey,88.76,Disc,Drum,135-liters,1685,1695,4265,1845,160 kmph,Second Owner,2015,Power,₹ 7.13 Lakh
175,2012 Maruti Ertiga VDI,"98,311 kms • Diesel • Manual",1248 ,20.77,7,Blue,88.76,Disc,Drum,135-liters,1685,1695,4265,1845,160 kmph,Second Owner,2012,Power,₹ 6.33 Lakh
176,2016 Volkswagen Vento 1.5 TDI Highline AT,"76,717 kms • Diesel • Automatic",1498 ,22.15,5,Blue,108.6,Ventilated Disc,Drum,494,1467,1699,4390,1770,180 Kmph,Second Owner,2016,Power,₹ 6.72 Lakh
177,2018 Hyundai EON Sportz,"13,674 kms • Petrol • Manual",814 ,21.1,5,White,55.2,Disc,Drum,215-litres,1500,1550,3495,-,135 Kmph,Second Owner,2018,Power,₹ 3.96 Lakh
178,2017 Mahindra XUV500 AT W10 FWD,"92,286 kms • Diesel • Automatic",2179 ,16,7,White,140,Disc,Disc,720-litres,1785,1890,4585,2510,185 Kmph,First Owner,2017,Power,₹ 13.10 Lakh
179,2020 Maruti Wagon R VXI,"31,968 kms • Petrol • Manual",998 ,21.79,5,Grey,67.05,Disc,Drum,341 Litres,1675 ,1620 ,3655 ,1340,-,First Owner,2020,Power,₹ 5.44 Lakh
180,2017 Maruti Celerio VXI Optional MT BSIV,"33,155 kms • Petrol • Manual",998 ,23.1,5,White,67.04,Ventilated Disc,Drum,235-litres,1560,1600,3695,1250,150 Kmph,First Owner,2017,Power,₹ 4.65 Lakh
181,2017 Hyundai i20 Asta 1.2,"20,941 kms • Petrol • Manual",1197 ,18.6,5,Red,81.83,Disc,Drum,295-litres,1505,1734,3985,-,170 Kmph,Second Owner,2017,Power,₹ 6.64 Lakh
182,2017 Renault Duster 85PS Diesel RxZ,"48,618 kms • Diesel • Manual",1461 ,19.87,5,Red,83.8,Disc,Drum,475-litres,1695,1822,4315,1777,156 Kmph,First Owner,2017,Power,₹ 8.62 Lakh
183,2016 Maruti Celerio VXI,"10,909 kms • Petrol • Manual",998 ,23.1,5,White,67.04,Ventilated Disc,Drum,235-litres,1565,1635,3715,1250,150 Kmph,First Owner,2016,Power,₹ 5 Lakh
184,2022 Maruti Swift ZXI,"4,360 kms • Petrol • Manual",1197 ,22.38,5,Red,88.50,Disc,Drum,268,1530,1735,3845,1335,-,First Owner,2022,Electric,₹ 8.18 Lakh
185,2019 Tata Nexon 1.5 Revotorq XZA Plus,"49,808 kms • Diesel • Automatic",1497 ,21.5,5,Orange,108.5,Disc,Drum,350,1607,1811,3994,-,154.19 kmph,First Owner,2019,Power,₹ 9.71 Lakh
186,2016 Hyundai i20 Sportz 1.2,"45,244 kms • Petrol • Manual",1197 ,18.6,5,Silver,81.83,Disc,Drum,295-litres,1505,1734,3985,-,170 Kmph,Second Owner,2016,Power,₹ 6.28 Lakh
187,2015 Ford Ecosport 1.5 TDCi Titanium BSIV,"96,858 kms • Diesel • Manual",1498 ,22.77,5,Blue,98.59,Ventilated Disc,Drum,346-litres,1708,1765,3999,-,182 Kmph,First Owner,2015,Power,₹ 6.37 Lakh
188,2019 Tata Nexon 1.5 Revotorq XM,"70,739 kms • Diesel • Manual",1497 ,21.5,5,White,108.5,Disc,Drum,350,1607,1811,3994,-,154.19 kmph,First Owner,2019,Power,₹ 8.41 Lakh
189,2017 Renault KWID 1.0 AMT RXT,"67,009 kms • Petrol • Automatic",999 ,24.04,5,Green,67,Disc,Drum,300,1478,1579,3679,-,159.4 kmph,First Owner,2017,Power,₹ 3.95 Lakh
190,2017 Tata Tiago 1.2 Revotron XZ,"31,489 kms • Petrol • Manual",1199 ,23.84,5,Red,84,Disc,Drum,242-litres,1535,1647,3746,-,150 kmph,First Owner,2017,Power,₹ 5.35 Lakh
191,2015 Honda Jazz 1.2 V i VTEC,"49,245 kms • Petrol • Manual",1199 ,18.7,5,Black,88.7,Disc,Drum,354-litres,1544,1694,3955,-,172 Kmph,Second Owner,2015,Power,₹ 5.39 Lakh
192,2015 Maruti Wagon R VXI BS IV,"33,280 kms • Petrol • Manual",998 ,20.51,5,Blue,67.04,Ventilated Disc,Drum,180-liters,1700,1495,3599,1350,152 kmph,First Owner,2015,Power,₹ 4.11 Lakh
193,2017 Hyundai Grand i10 1.2 Kappa Sportz Option,"32,578 kms • Petrol • Manual",1197 ,18.9,5,Violet,81.86,Disc,Drum,256-liters,1520,1660,3765,-,165 Kmph,First Owner,2017,Power,₹ 5.42 Lakh
194,2019 Tata Harrier XZ BSIV,"36,792 kms • Diesel • Manual",1956 ,17,5,Orange,138.1,Disc,Drum,425,1706 ,1894 ,4598 ,-,-,Second Owner,2019,Power,₹ 15.74 Lakh
195,2019 Tata Harrier XZ BSIV,"42,666 kms • Diesel • Manual",1956 ,17,5,Orange,138.1,Disc,Drum,425,1706 ,1894 ,4598 ,-,-,First Owner,2019,Power,₹ 14.86 Lakh
196,2016 Honda Jazz 1.2 V AT i VTEC,"91,572 kms • Petrol • Automatic",1199 ,19,5,Grey,88.7,Disc,Drum,354-litres,1544,1694,3955,-,172 Kmph,First Owner,2016,Power,₹ 5.63 Lakh
197,2015 Honda City i VTEC V,"33,594 kms • Petrol • Manual",1497 ,17.4,5,Red,117.3,Disc,Drum,510-litres,1495,1695,4440,-,195 Kmph,First Owner,2015,Power,₹ 7.14 Lakh
198,2012 Maruti Swift Dzire ZDi,"93,309 kms • Diesel • Manual",1248 ,19.3,5,Golden,73.9,Ventilated Disc,Drum,440 litres,1530,1690,4160,-,-,Third Owner,2012,Power,₹ 4.96 Lakh
199,2016 Hyundai i20 Magna 1.2,"69,407 kms • Petrol • Manual",1197 ,18.6,5,White,81.83,Disc,Drum,295-litres,1505,1734,3985,-,170 Kmph,Second Owner,2016,Power,₹ 5.67 Lakh
200,2017 Tata Tiago 1.2 Revotron XZ,"65,169 kms • Petrol • Manual",1199 ,23.84,5,Orange,84,Disc,Drum,242-litres,1535,1647,3746,-,150 kmph,First Owner,2017,Power,₹ 4.70 Lakh
201,2014 Chevrolet Beat LT,"45,000 kms • Petrol • Manual",1199 ,18.6,5,Green,79.4,Disc,Drum,170-litres,1520,1595,3640,-,-,First Owner,2014,Power,₹ 3.50 Lakh
202,2018 Maruti Vitara Brezza ZDi Plus AMT Dual Tone,"1,34,093 kms • Diesel • Automatic",1248 ,24.3,5,Yellow,88.5,Ventilated Disc,Drum,328-litres,1640,1790,3995,1680,172 kmph,First Owner,2018,Power,₹ 8.95 Lakh
203,2016 Hyundai i20 Asta 1.2,"26,303 kms • Petrol • Manual",1197 ,18.6,5,Red,81.83,Disc,Drum,295-litres,1505,1734,3985,-,170 Kmph,Second Owner,2016,Power,₹ 6.70 Lakh
204,2019 Honda Amaze V CVT Diesel BSIV,"68,816 kms • Diesel • Automatic",1498 ,23.8,5,Red,78.9,Disc,Drum,420,1501,1695,3995,-,140 Kmph,First Owner,2019,Power,₹ 7.95 Lakh
205,2014 Hyundai i20 Asta 1.2,"80,509 kms • Petrol • Manual",1197 ,18.6,5,White,81.83,Disc,Drum,295-litres,1505,1734,3985,-,170 Kmph,First Owner,2014,Power,₹ 5.27 Lakh
206,2017 Hyundai i20 Asta 1.2,"37,053 kms • Petrol • Manual",1197 ,18.6,5,Red,81.83,Disc,Drum,295-litres,1505,1734,3985,-,170 Kmph,Second Owner,2017,Power,₹ 6.59 Lakh
207,2017 Renault Duster 85PS Diesel RxZ,"72,766 kms • Diesel • Manual",1461 ,19.87,5,White,83.8,Disc,Drum,475-litres,1695,1822,4315,1777,156 Kmph,First Owner,2017,Power,₹ 9.43 Lakh
208,2014 Volkswagen Polo 1.2 MPI Highline,"53,506 kms • Petrol • Manual",1198 ,16.47,5,White,74,Disc,Drum,280-liters,1469,1682,3971,1520,165 kmph,First Owner,2014,Power,₹ 6.03 Lakh
209,2019 Mahindra XUV300 W6 BSIV,"46,042 kms • Petrol • Manual",1197 ,17,5,Silver,110,Disc,Disc,259 Litres,1627 ,1821 ,3995 ,-,175 kmph,Second Owner,2019,Power,₹ 8.45 Lakh
210,2017 Honda WR-V i-DTEC VX,"44,453 kms • Diesel • Manual",1498 ,25.5,5,White,98.6,Ventilated Disc,Drum,363 Litres,1601,1734,3999,-,176 kmph,First Owner,2017,Electric,₹ 8.66 Lakh
211,2016 Renault Duster 85PS Diesel RxZ,"79,046 kms • Diesel • Manual",1461 ,19.87,5,Orange,83.8,Disc,Drum,475-litres,1695,1822,4315,1777,156 Kmph,First Owner,2016,Power,₹ 9.06 Lakh
212,2017 Renault KWID 1.0 RXT,"75,760 kms • Petrol • Manual",999 ,23.01,5,bronze,67,Disc,Drum,300,1478,1579,3679,-,155.8 kmph,First Owner,2017,Power,₹ 3.77 Lakh
213,2019 Datsun RediGO T,"21,313 kms • Petrol • Manual",799 ,22.7,5,Red,53.64,Disc,Drum,222,1541,1560,3429,-,-,First Owner,2019,Power,₹ 3.30 Lakh
214,2019 Datsun RediGO T,"21,500 kms • Petrol • Manual",799 ,22.7,5,Red,53.64,Disc,Drum,222,1541,1560,3429,-,-,First Owner,2019,Power,₹ 3.30 Lakh
215,2017 Mahindra XUV500 AT W10 FWD,"60,403 kms • Diesel • Automatic",2179 ,16,7,Orange,140,Disc,Disc,720-litres,1785,1890,4585,2510,185 Kmph,Second Owner,2017,Power,₹ 12.24 Lakh
216,2016 Honda Jazz 1.2 V AT i VTEC,"43,873 kms • Petrol • Automatic",1199 ,19,5,White,88.7,Disc,Drum,354-litres,1544,1694,3955,-,172 Kmph,First Owner,2016,Power,₹ 6.12 Lakh
217,2016 Hyundai i20 Magna 1.2,"63,592 kms • Petrol • Manual",1197 ,18.6,5,Silver,81.83,Disc,Drum,295-litres,1505,1734,3985,-,170 Kmph,First Owner,2016,Power,₹ 5.99 Lakh
218,2016 Hyundai Creta 1.6 CRDi SX,"70,314 kms • Diesel • Manual",1582 ,19.67,5,Yellow,126.2,Disc,Drum,400-litres,1630,1780,4270,-,190 Kmph,First Owner,2016,Power,₹ 11.31 Lakh
219,2016 Renault KWID 1.0 RXT Optional,"61,130 kms • Petrol • Manual",999 ,23.01,5,Red,67,Disc,Drum,300,1478,1579,3679,-,155.8 kmph,Second Owner,2016,Power,₹ 3.40 Lakh
220,2020 Maruti Ciaz Alpha,"68,587 kms • Petrol • Manual",1462 ,20.65,5,Grey,103.25,Ventilated Disc,Drum,510,1485,1730,4490,1520,-,First Owner,2020,Power,₹ 9.44 Lakh
221,2014 Hyundai i20 Magna Optional 1.2,"84,726 kms • Petrol • Manual",1197 ,18.5,5,Grey,82.9,Disc,Drum,-,1505,1710,3995,-,-,Second Owner,2014,Power,₹ 4.28 Lakh
222,2011 Hyundai i10 Sportz 1.2,"79,000 kms • Petrol • Manual",1197 ,20.36,5,Grey,78.9,Ventilated Disc,Drum,-,1550,1595,3585,-,-,First Owner,2011,Power,₹ 2.90 Lakh
223,2018 Maruti Swift VXI,"96,358 kms • Petrol • Manual",1197 ,21.21,5,White,81.80,Disc,Drum,268,1530,1735,3840,1315,-,First Owner,2018,Electric,₹ 6.10 Lakh
224,2018 Hyundai Santro Asta BSIV,"53,486 kms • Petrol • Manual",1086 ,20.3,5,Silver,68,Disc,Drum,235,1560 ,1645 ,3610 ,-,-,First Owner,2018,Power,₹ 5.53 Lakh
225,2019 Maruti Baleno Delta,"28,342 kms • Petrol • Manual",1197 ,21.01,5,Blue,81.80,Disc,Drum,339-litres,1510,1745,3995,1340,-,First Owner,2019,Electric,₹ 7.33 Lakh
226,2017 Hyundai i20 Asta 1.2,"27,284 kms • Petrol • Manual",1197 ,18.6,5,Silver,81.83,Disc,Drum,295-litres,1505,1734,3985,-,170 Kmph,First Owner,2017,Power,₹ 7.35 Lakh
227,2017 Renault Duster Petrol RXS CVT,"47,054 kms • Petrol • Automatic",1498 ,14.99,5,Red,104.5,Disc,Drum,475-litres,1695,1822,4315,1770,160 Kmph,First Owner,2017,Power,₹ 8.08 Lakh
228,2017 Mahindra KUV 100 mFALCON D75 K6 Plus,"51,352 kms • Diesel • Manual",1198 ,25.32,6,Silver,77,Disc,Drum,243-litres,1655,1715,3675,-,160 kmph,Second Owner,2017,Power,₹ 5 Lakh
229,2017 Maruti Swift Dzire AMT VXI BS IV,"89,306 kms • Petrol • Automatic",1197 ,22,5,Golden,81.80,Ventilated Disc,Drum,378,1515,1735,3995,1315Kg,-,First Owner,2017,Electric,₹ 5.81 Lakh
230,2016 Hyundai i20 Active 1.2 SX,"92,617 kms • Petrol • Manual",1197 ,17.19,5,White,81.86,Disc,Drum,285-litres,1555,1760,3995,-,160 Kmph,Second Owner,2016,Power,₹ 6.10 Lakh
231,2020 Tata Altroz XZ,"20,203 kms • Petrol • Manual",1199 ,19.33,5,Red,86.83,Disc,Drum,345,1523,1755,3990,-,-,First Owner,2020,Electric,₹ 8.04 Lakh
232,2015 Hyundai i20 Sportz Option 1.2,"51,395 kms • Petrol • Manual",1197 ,18.6,5,White,81.83,Disc,Drum,295-litres,1505,1734,3985,-,170 Kmph,First Owner,2015,Power,₹ 6.23 Lakh
233,2018 Maruti Swift Dzire AMT VXI,"42,564 kms • Petrol • Automatic",1197 ,21.21,5,Grey,81.80,Disc,Drum,378,1515,1735,3995,1315Kg,-,First Owner,2018,Power,₹ 7.27 Lakh
234,2016 Renault Duster 110PS Diesel RxL AMT,"85,586 kms • Diesel • Automatic",1461 ,19.6,5,Black,108.45,Disc,Drum,475-litres,1695,1822,4315,1813,168 Kmph,Second Owner,2016,Power,₹ 9.14 Lakh
235,2017 Renault Duster Petrol RXS CVT,"39,622 kms • Petrol • Automatic",1498 ,14.99,5,Brown,104.5,Disc,Drum,475-litres,1695,1822,4315,1770,160 Kmph,Second Owner,2017,Power,₹ 7.56 Lakh
236,2020 Mahindra Marazzo M4 Plus 8Str,"22,150 kms • Diesel • Manual",1497 ,17.3,8,White,120.96,Disc,Disc,190,1774,1866,4585,-,-,First Owner,2020,Electric,₹ 12 Lakh
237,2015 Honda City i VTEC V,"74,481 kms • Petrol • Manual",1497 ,17.4,5,Red,117.3,Disc,Drum,510-litres,1495,1695,4440,-,195 Kmph,Third Owner,2015,Power,₹ 5.75 Lakh
238,2021 MG Hector Plus Smart Diesel MT,"24,566 kms • Diesel • Manual",1956 ,16.56,6,Black,167.67,Disc,Disc,155 L,1760,1835,4720,-,-,First Owner,2021,-,₹ 18.17 Lakh
239,2014 Honda Amaze S i-Vtech,"80,602 kms • Petrol • Manual",1198 ,18,5,U TITANIUM,86.7,Disc,Drum,400-litres,1505,1680,3990,-,160 Kmph,First Owner,2014,Power,₹ 4.30 Lakh
240,2014 Hyundai EON Magna Plus,"30,283 kms • Petrol • Manual",814 ,21.1,5,White,55.2,Disc,Drum,215-litres,1500,1550,3495,-,135 Kmph,First Owner,2014,Power,₹ 3.15 Lakh
241,2016 Skoda Octavia 1.8 TSI AT Style,"85,000 kms • Petrol • Automatic",1798 ,15.1,5,Red,178,Disc,Disc,590,1476,1814,4670,1860,220 Kmph,First Owner,2016,Power,₹ 12 Lakh
242,2016 Ford Ecosport 1.5 Diesel Titanium,"28,580 kms • Diesel • Manual",1498 ,21.7,5,Grey,98.96,Ventilated Disc,Drum,352-litres,1647,1765,3998,1690Kg,-,First Owner,2016,Electric,₹ 7.95 Lakh
243,2013 Toyota Fortuner 4x2 AT,"96,800 kms • Diesel • Automatic",2982 ,12.55,7,White,168.5,Ventilated Disc,Drum,296-litres,1850,1840,4705,2510,176 Kmph,First Owner,2013,Power,₹ 14.28 Lakh
244,2017 Honda City i VTEC V,"60,000 kms • Petrol • Manual",1497 ,17.8,5,White,117.3,Disc,Drum,510-litres,1495,1695,4440,-,195 Kmph,Second Owner,2017,Power,₹ 8 Lakh
245,2022 Maruti Vitara Brezza ZXI,"30,000 kms • Petrol • Manual",1462 ,17.03,5,Grey,103.26,Ventilated Disc,Drum,328,1640,1790,3995,1600,-,First Owner,2022,Electronic,₹ 11 Lakh
246,2019 Hyundai Creta 1.6 SX Option,"60,040 kms • Petrol • Manual",1591 ,15.8,5,White,121.3,Disc,Drum,400,1665,1780,4270,-,-,First Owner,2019,Power,₹ 11.95 Lakh
247,2018 Mahindra XUV500 W7 BSIV,"70,325 kms • Diesel • Manual",2179 ,15.1,7,White,152.87,Ventilated Disc,Disc,-,1785,1890,4585,2510,-,First Owner,2018,Power,₹ 13.34 Lakh
248,2017 Hyundai Grand i10 1.2 Kappa Asta,"34,246 kms • Petrol • Manual",1197 ,18.9,5,White,81.86,Disc,Drum,256,1520,1660,3765,-,165 Kmph,Second Owner,2017,Power,₹ 5.67 Lakh
249,2014 Toyota Fortuner 4x2 AT,"91,000 kms • Diesel • Automatic",2982 ,12.55,7,White,168.5,Ventilated Disc,Drum,296-litres,1850,1840,4705,2510,176 Kmph,First Owner,2014,Power,₹ 14.21 Lakh
250,2016 Hyundai i20 Asta 1.4 CRDi,"1,37,948 kms • Diesel • Manual",1396 ,22.54,5,Red,88.73,Disc,Drum,295-litres,1505,1734,3985,-,180 Kmph,First Owner,2016,Power,₹ 5.97 Lakh
251,2017 Mahindra XUV500 AT W10 FWD,"89,549 kms • Diesel • Automatic",2179 ,16,7,Black,140,Disc,Disc,720-litres,1785,1890,4585,2510,185 Kmph,First Owner,2017,Power,₹ 12.98 Lakh
252,2018 Hyundai Santro Asta BSIV,"56,128 kms • Petrol • Manual",1086 ,20.3,5,White,68,Disc,Drum,235,1560 ,1645 ,3610 ,-,-,First Owner,2018,Power,₹ 5.39 Lakh
253,2016 Hyundai i20 Asta 1.4 CRDi,"44,090 kms • Diesel • Manual",1396 ,22.54,5,White,88.73,Disc,Drum,295-litres,,,,-,180 Kmph,Second Owner,2016,Power,₹ 7.07 Lakh
254,2018 Ford Figo 1.5D Titanium MT,"94,603 kms • Diesel • Manual",1498 ,25.83,5,White,99,Ventilated Disc,Drum,257-litres,1525,1695,3886,-,170 Kmph,First Owner,2018,EPAS,₹ 6.06 Lakh
255,2015 Hyundai i20 Active 1.4 SX,"56,398 kms • Diesel • Manual",1396 ,21.19,5,White,88.73,Disc,Drum,285-litres,1555,1760,3995,-,165 Kmph,First Owner,2015,Power,₹ 6.56 Lakh
